User;Follower Count;First Tweet Date;Last Tweet Date;Time Between T1 Tn;Avg Tweets Per Day;Tweet Total;Retweet Total;Favorite Total;Avg Favorites;Average Retweets;Avg Inter Per Tweet;Avg Int Per Tweet Per Follower
katyperry;104729450;2017-10-02 22:21:08;2017-06-15 20:21:14;109;1.8073394495412844;197;739539;2440606;12388.862944162436;3754.005076142132;29175.642201834864;0.0002785810696211511
justinbieber;102017043;2017-10-02 17:00:17;2016-11-29 11:12:04;307;0.6514657980456026;200;10889662;21829238;109146.19;54448.31;106576.22149837133;0.0010446903611818208
taylorswift13;85611854;2017-10-02 14:44:06;2017-08-21 15:00:54;41;0.3902439024390244;16;838265;2314961;144685.0625;52391.5625;76907.9512195122;0.0008983329717344072
TheEllenShow;74102881;2017-10-02 23:52:31;2017-09-11 20:13:41;21;9.523809523809524;200;875888;2670813;13354.065;4379.44;168890.52380952382;0.0022791357303574176
ladygaga;71535781;2017-10-03 08:25:35;2017-06-12 17:50:06;112;1.7857142857142858;200;1480553;4417857;22089.285;7402.765;52664.375;0.0007361962679906997
jtimberlake;62191772;2017-09-29 17:38:27;2016-10-12 22:27:35;351;0.5698005698005698;200;781829;2339820;11699.1;3909.145;8893.586894586893;0.00014300262894240888
KimKardashian;55963303;2017-10-03 15:52:06;2017-09-22 00:53:16;11;18.181818181818183;200;889233;1932845;9664.225;4446.165;256552.54545454547;0.004584299562421208
britneyspears;55656700;2017-10-02 15:22:13;2017-02-25 21:35:55;218;0.9174311926605505;200;502650;2424286;12121.43;2513.25;13426.311926605506;0.00024123442328786123
ArianaGrande;53464264;2017-10-03 01:52:55;2017-06-10 16:39:19;114;1.7543859649122806;200;2762680;11961448;59807.24;13813.4;129159.01754385965;0.0024158009085070292
selenagomez;53165418;2017-09-20 04:56:37;2016-03-17 22:28:33;551;0.3629764065335753;200;3742738;10049801;50249.005;18713.69;25031.83121597096;0.00047082919983758916
ddlovato;49654796;2017-10-03 15:59:27;2017-08-28 01:50:14;36;5.5;198;968122;2646476;13366.040404040405;4889.50505050505;100405.5;0.0020220705367513746
jimmyfallon;49246403;2017-10-03 13:09:32;2017-07-23 12:50:01;72;2.7777777777777777;200;344715;679310;3396.55;1723.575;14222.569444444445;0.0002888042288985948
JLo;43425491;2017-10-02 16:15:50;2017-07-26 02:08:45;68;2.9411764705882355;200;107154;509844;2549.22;535.77;9073.5;0.000208944096913032
BillGates;39263307;2017-09-30 15:55:58;2017-03-10 22:06:33;203;0.9852216748768473;200;350972;1291550;6457.75;1754.86;8091.241379310344;0.00020607641071370642
Oprah;39035572;2017-10-03 15:35:27;2017-04-27 02:34:54;159;1.2578616352201257;200;109752;442698;2213.49;548.76;3474.528301886792;8.900928368327208e-05
KingJames;38752985;2017-10-03 15:41:45;2017-03-25 16:12:35;191;1.0471204188481675;200;5412868;7389093;36945.465;27064.34;67025.97382198952;0.0017295693176148758
MileyCyrus;36732697;2017-10-03 02:45:14;2017-08-01 01:03:15;63;3.1587301587301586;199;699954;2812774;14134.542713567838;3517.356783919598;55757.5873015873;0.0015179279458186069
BrunoMars;35316512;2017-10-02 06:07:05;2017-05-02 14:27:57;152;1.3157894736842106;200;623063;2645905;13229.525;3115.315;21506.368421052633;0.0006089607156293531
KevinHart4real;34926173;2017-10-03 15:53:57;2017-09-03 16:29:42;29;6.896551724137931;200;231422;198185;990.925;1157.11;14814.03448275862;0.00042415281178268856
wizkhalifa;32097879;2017-10-03 14:16:01;2017-06-30 01:23:44;95;2.094736842105263;199;954879;2281883;11466.748743718594;4798.386934673367;34071.17894736842;0.0010614775807263907
LilTunechi;31389663;2017-10-02 13:54:22;2016-10-21 03:24:04;346;0.5780346820809249;200;593044;1435229;7176.145;2965.22;5862.060693641619;0.00018675131025272935
Pink;30522343;2017-10-02 16:08:21;2017-08-08 21:52:34;54;3.7037037037037037;200;1648406;826107;4130.535;8242.03;45824.31481481482;0.001501336736004009
aliciakeys;28586754;2017-09-29 17:43:14;2017-04-13 21:48:34;168;1.1904761904761905;200;224124;711789;3558.945;1120.62;5570.910714285714;0.00019487734474105432
danieltosh;27519501;2017-09-27 01:21:31;2017-04-12 00:53:08;168;1.1904761904761905;200;110790;470531;2352.655;553.95;3460.2440476190477;0.00012573789210854687
ActuallyNPH;27498891;2017-10-02 12:20:43;2016-10-14 17:45:33;352;0.5681818181818182;200;192260;1250499;6252.495;961.3;4098.747159090909;0.00014905136207459817
ConanOBrien;26035864;2017-10-01 18:25:08;2017-04-18 01:52:41;166;1.2048192771084338;200;331553;2096941;10484.705;1657.765;14629.481927710844;0.0005618973093311151
pitbull;26033782;2017-09-28 15:37:22;2017-03-24 04:24:56;188;1.0638297872340425;200;187843;620815;3104.075;939.215;4301.372340425532;0.00016522272255431545
khloekardashian;25051700;2017-10-02 23:56:23;2017-09-17 17:55:58;15;13.333333333333334;200;55454;382764;1913.82;277.27;29214.533333333333;0.0011661696944053031
KendallJenner;24607051;2017-10-03 02:17:21;2016-12-11 22:16:02;295;0.6779661016949152;200;1488810;3378434;16892.17;7444.05;16499.132203389832;0.0006705042470708835
chrisbrown;23312308;2017-10-03 05:39:48;2017-06-16 00:10:58;109;1.834862385321101;200;501023;1529015;7645.075;2505.115;18624.201834862386;0.0007988999559744314
KylieJenner;23107018;2017-10-02 21:59:51;2017-07-18 22:00:08;75;2.6266666666666665;197;224665;1144088;5807.553299492386;1140.4314720812183;18250.04;0.0007898050713423948
kourtneykardash;23010825;2017-10-02 12:24:31;2017-06-06 19:00:58;117;1.7094017094017093;200;84757;402585;2012.925;423.785;4165.316239316239;0.00018101551071359845
Eminem;21263744;2017-09-20 14:10:15;2015-06-02 04:05:08;841;0.23662306777645659;199;691343;1454971;7311.412060301507;3474.0854271356784;2552.0975029726515;0.00012002107921223334
NICKIMINAJ;21166761;2017-09-29 21:11:37;2017-08-31 19:40:56;29;6.896551724137931;200;605688;1940817;9704.085;3028.44;87810.5172413793;0.004148509884973866
blakeshelton;20280471;2017-10-03 15:54:56;2017-05-07 04:00:54;149;1.342281879194631;200;171579;784092;3920.46;857.895;6413.89932885906;0.00031625988019997464
MariahCarey;19066032;2017-10-03 14:09:01;2017-03-12 17:11:52;204;0.9803921568627451;200;152389;422557;2112.785;761.945;2818.3627450980393;0.0001478211483699408
aplusk;18727372;2017-10-03 05:13:02;2017-05-11 23:27:28;144;1.3888888888888888;200;132425;290801;1454.005;662.125;2939.0694444444443;0.00015693976946922636
LeoDiCaprio;18411458;2017-09-30 22:06:26;2017-03-25 20:42:52;189;1.0582010582010581;200;477723;628641;3143.205;2388.615;5853.777777777777;0.0003179421085379429
SnoopDogg;17497490;2017-10-03 15:23:19;2017-09-08 00:35:24;25;8.0;200;67457;266814;1334.07;337.285;13370.84;0.000764157602033206
KDTrey5;17017680;2017-10-03 14:42:40;2017-07-27 14:38:09;68;2.9411764705882355;200;193928;710246;3551.23;969.64;13296.676470588236;0.0007813448408119225
RyanSeacrest;16713000;2017-10-03 15:03:21;2017-08-10 15:55:38;53;3.7735849056603774;200;148278;181762;908.81;741.39;6227.169811320755;0.0003725943763130949
JimCarrey;16696728;2017-09-29 22:22:50;2014-11-01 21:10:29;1063;0.187206020696143;199;412219;1320120;6633.768844221106;2071.452261306533;1629.6698024459079;9.760414150879788e-05
xtina;16530931;2017-09-22 05:06:22;2015-10-06 22:33:01;716;0.27932960893854747;200;402244;745958;3729.79;2011.22;1603.6340782122904;9.70080921765562e-05
ParisHilton;16426589;2017-10-03 08:40:33;2017-08-06 05:14:39;58;3.4482758620689653;200;404634;1262775;6313.875;2023.17;28748.431034482757;0.0017501156834497263
StephenAtHome;15469716;2017-10-03 02:39:19;2017-07-02 21:45:06;92;2.1630434782608696;199;1059084;3535315;17765.402010050253;5322.030150753769;49939.11956521739;0.0032281859321281266
Beyonce;15150608;2017-06-30 15:58:41;2012-04-05 13:58:29;1912;0.005230125523012552;10;319023;445081;44508.1;31902.3;399.63598326359835;2.6377554172320895e-05
SHAQ;14728014;2017-10-01 02:04:34;2017-05-04 20:46:26;149;1.342281879194631;200;319316;433478;2167.39;1596.58;5052.3087248322145;0.0003430407334507025
maroon5;14680538;2017-09-30 01:18:22;2017-08-28 15:48:53;32;6.25;200;80959;189592;947.96;404.795;8454.71875;0.0005759134133912531
ZacEfron;14579971;2017-10-02 20:48:27;2016-11-13 23:49:49;322;0.6211180124223602;200;425774;2520869;12604.345;2128.87;9151.065217391304;0.0006276463250435343
tyrabanks;14577078;2017-10-03 03:28:52;2017-08-08 22:02:31;55;3.6363636363636362;200;378192;319485;1597.425;1890.96;12685.036363636364;0.0008702043278931733
tomhanks;14260662;2017-10-02 18:38:35;2014-11-20 15:45:10;1047;0.19102196752626552;200;299125;1633775;8168.875;1495.625;1846.1318051575931;0.00012945624860596184
ashleytisdale;13884407;2017-10-03 16:00:06;2017-08-23 22:04:25;40;5.0;200;345801;315041;1575.205;1729.005;16521.05;0.0011898995758335231
iamwill;13639729;2017-09-26 01:41:21;2017-03-18 21:09:00;191;1.0418848167539267;199;266465;69614;349.81909547738695;1339.0201005025126;1759.5759162303666;0.0001290037299297051
ShawnMendes;13644352;2017-10-03 03:19:40;2017-06-07 12:07:05;117;1.7094017094017093;200;4627787;14912589;74562.945;23138.935;167011.7606837607;0.01224035855156483
camerondallas;13521119;2017-10-02 23:19:55;2017-06-18 16:44:34;106;1.8867924528301887;200;1208784;5646324;28231.62;6043.92;64670.83018867925;0.004782949561251495
SethMacFarlane;13442603;2017-10-03 15:47:12;2017-09-11 00:05:23;22;9.045454545454545;199;62320;213064;1070.6733668341708;313.16582914572865;12517.454545454544;0.0009311778786782994
elonmusk;13257743;2017-10-02 20:22:05;2017-07-31 06:41:26;63;3.1746031746031744;200;499614;1972074;9860.37;2498.07;39233.142857142855;0.002959262587692555
diddy;12925344;2017-10-02 21:17:51;2017-08-08 02:25:18;55;3.6363636363636362;200;1134647;1730163;8650.815;5673.235;52087.454545454544;0.004029869885509782
stephenfry;12855375;2017-10-03 08:54:31;2017-06-12 19:40:03;112;1.7857142857142858;200;543541;354617;1773.085;2717.705;8019.267857142857;0.0006238066067417603
BigSean;12792127;2017-10-01 22:11:12;2017-04-11 18:07:32;173;1.1560693641618498;200;2502866;1344271;6721.355;12514.33;22237.78612716763;0.0017383962907159716
kobebryant;12763439;2017-10-02 14:13:05;2016-12-27 02:56:33;279;0.7132616487455197;199;4192517;2705352;13594.733668341709;21067.924623115578;24723.544802867385;0.0019370598161567102
TreySongz;12552412;2017-10-02 09:44:21;2017-03-28 01:23:43;188;1.0638297872340425;200;4167186;467085;2335.425;20835.93;24650.377659574468;0.0019637960942944246
Usher;12441275;2017-10-02 15:53:35;2017-01-30 20:58:58;244;0.819672131147541;200;597443;186616;933.08;2987.215;3213.356557377049;0.00025828193311192374
charliesheen;12286735;2017-10-02 17:04:36;2016-10-24 23:27:40;342;0.5847953216374269;200;182919;500838;2504.19;914.595;1999.2894736842104;0.00016271934518683853
Ludacris;12079213;2017-10-03 15:42:06;2017-06-01 00:55:21;124;1.6129032258064515;200;9111;37571;187.855;45.555;376.4677419354839;3.116657864510576e-05
nickjonas;11986144;2017-10-02 21:41:43;2017-05-31 23:32:14;123;1.6260162601626016;200;361107;1242114;6210.57;1805.535;13034.317073170732;0.0010874487302314016
TheRock;11919598;2017-10-03 15:37:58;2017-08-28 05:32:02;36;5.527777777777778;199;138029;703715;3536.256281407035;693.6130653266332;23381.77777777778;0.0019616246938678455
kelly_clarkson;11894995;2017-10-03 14:26:07;2017-07-05 02:47:21;90;2.2222222222222223;200;1305091;320120;1600.6;6525.455;18057.9;0.0015181090870572036
SarahKSilverman;11840474;2017-10-03 15:25:54;2017-09-18 03:51:32;15;13.333333333333334;200;2662438;395985;1979.925;13312.19;203894.86666666667;0.017220160837029555
azizansari;11173809;2017-10-01 21:51:39;2015-11-07 19:56:55;694;0.2881844380403458;200;155577;455378;2276.89;777.885;880.3386167146974;7.87859016307418e-05
Pharrell;10548313;2017-10-02 23:26:57;2017-01-18 20:00:02;257;0.7782101167315175;200;4080716;607628;3038.14;20403.58;18242.583657587547;0.0017294313941563497
StephenCurry30;10492216;2017-10-01 00:11:39;2016-11-27 03:11:38;307;0.6514657980456026;200;895154;3261198;16305.99;4475.77;13538.605863192182;0.0012903476122863066
MarcAnthony;10464998;2017-10-02 14:52:39;2017-08-09 01:00:49;54;3.7037037037037037;200;143434;388326;1941.63;717.17;9847.407407407409;0.0009409851208196512
johnlegend;10468335;2017-10-03 14:40:39;2017-08-04 11:53:28;60;3.3333333333333335;200;3314869;2414137;12070.685;16574.345;95483.43333333333;0.00912116715154161
mindykaling;10408393;2017-10-03 16:00:32;2017-07-15 21:47:11;79;2.5316455696202533;200;628800;672276;3361.38;3144.0;16469.316455696204;0.0015823111652006419
JohnCena;10241983;2017-10-02 23:39:54;2017-06-22 15:25:45;102;1.9607843137254901;200;540074;1397882;6989.41;2700.37;18999.56862745098;0.0018550673856274687
VictoriaJustice;10235821;2017-10-02 19:31:22;2017-08-01 18:12:44;62;3.225806451612903;200;233230;397892;1989.46;1166.15;10179.387096774193;0.0009944866266002692
AustinMahone;10196253;2017-10-03 02:49:50;2017-08-04 22:38:57;59;3.3559322033898304;198;141453;278537;1406.7525252525252;714.4090909090909;7118.474576271186;0.0006981461303746765
Zendaya;10026672;2017-10-02 18:15:06;2017-08-12 21:30:05;50;4.0;200;2543095;3812079;19060.395;12715.475;127103.48000000001;0.01267653714013982
JColeNC;9960644;2017-09-29 15:59:02;2014-07-21 19:33:29;1165;0.17167381974248927;200;2578819;3896720;19483.6;12894.095;5558.402575107296;0.000558036465825633
jimmykimmel;9941492;2017-10-03 12:22:24;2017-07-18 12:15:47;77;2.5974025974025974;200;541940;1373555;6867.775;2709.7;24876.558441558438;0.0025022962792263415
jessicaalba;9620420;2017-10-03 04:46:01;2017-04-13 05:49:15;172;1.1627906976744187;200;26540;66449;332.245;132.7;540.6337209302326;5.6196478005142455e-05
andersoncooper;9571081;2017-09-30 21:48:53;2016-06-10 01:12:21;477;0.4192872117400419;200;159069;329583;1647.915;795.345;1024.4276729559747;0.00010703364363502667
serenawilliams;9494482;2017-10-02 23:47:48;2017-03-01 04:00:00;215;0.9255813953488372;199;195578;929705;4671.884422110553;982.8040201005025;5233.874418604651;0.0005512543410588014
LukeBryanOnline;9425278;2017-10-02 12:10:55;2017-03-28 12:19:14;187;1.0695187165775402;200;144749;475046;2375.23;723.745;3314.4117647058824;0.0003516513533824554
lindsaylohan;9382106;2017-10-03 12:50:33;2010-01-30 22:51:28;2802;0.04246966452533904;119;81510;172738;1451.579831932773;684.9579831932773;90.73804425410421;9.6713940616429e-06
neiltyson;9379037;2017-09-30 21:17:29;2017-05-20 18:47:30;133;1.5037593984962405;200;1336988;4340051;21700.255;6684.94;42684.503759398496;0.004551053989807109
50cent;9294634;2017-10-03 15:31:26;2016-09-28 20:01:04;369;0.5392953929539296;199;84640;191733;963.4824120603015;425.32663316582915;748.9783197831979;8.058179803348877e-05
billmaher;9290576;2017-09-30 05:48:54;2017-04-10 02:16:43;173;1.1560693641618498;200;991186;1439742;7198.71;4955.93;14051.606936416185;0.0015124581012432583
joejonas;9285423;2017-10-02 20:31:59;2017-05-11 18:54:52;144;1.3888888888888888;200;3053947;1325291;6626.455;15269.735;30411.375;0.0032751738935318294
kendricklamar;9256610;2017-09-21 21:23:34;2015-10-27 17:57:27;695;0.28776978417266186;200;2135372;3459113;17295.565;10676.86;8049.618705035971;0.0008696076322796327
ciara;9253519;2017-10-02 16:44:22;2017-03-07 23:54:54;208;0.9615384615384616;200;172151;880653;4403.265;860.755;5061.557692307692;0.0005469873344732629
carmeloanthony;9103558;2017-09-30 14:03:03;2016-06-04 17:36:34;482;0.4149377593360996;200;243435;514194;2570.97;1217.175;1571.844398340249;0.00017266264446716864
MichelleObama;9082737;2017-10-03 14:05:03;2012-10-15 17:07:55;1813;0.11031439602868175;200;1611814;4386756;21933.78;8059.07;3308.643132928847;0.00036427820522919984
KrisJenner;9058016;2017-10-02 03:51:57;2017-08-14 00:54:41;49;4.081632653061225;200;83503;188993;944.965;417.515;5561.142857142857;0.0006139471223215831
RobertDowneyJr;8925362;2017-09-28 16:00:03;2015-04-11 20:28:05;900;0.2222222222222222;200;1617286;3864188;19320.94;8086.43;6090.526666666667;0.0006823842737881854
channingtatum;8834322;2017-10-02 15:39:23;2015-06-21 06:28:21;834;0.23860911270983212;199;290907;1004698;5048.733668341709;1461.8442211055276;1553.4832134292567;0.00017584634264284873
SteveMartinToGo;8700795;2017-10-02 00:34:13;2017-05-12 16:18:38;142;1.408450704225352;200;44615;421306;2106.53;223.075;3281.133802816901;0.0003771073566055632
FLOTUS;8540761;2017-10-02 12:21:53;2017-01-21 23:00:49;253;0.6007905138339921;152;1336987;5985763;39380.01973684211;8795.967105263158;28943.675889328064;0.0033888872302278526
maddow;8413360;2017-10-03 05:03:48;2017-08-30 02:44:42;34;5.882352941176471;200;700118;347853;1739.265;3500.59;30822.676470588234;0.003663539474192027
LMFAO;8105370;2017-05-25 01:34:47;2014-03-26 00:18:53;1156;0.17214532871972318;199;31208;51081;256.6884422110553;156.82412060301507;71.18425605536332;8.782357382249462e-06
adamlevine;8082469;2017-10-02 21:40:42;2016-04-27 00:53:55;523;0.3824091778202677;200;1381111;1258296;6291.48;6905.555;5046.667304015296;0.0006243967411462137
IAMQUEENLATIFAH;7991350;2017-09-29 21:26:41;2017-03-15 01:34:13;198;1.0101010101010102;200;84129;141323;706.615;420.645;1138.6464646464647;0.00014248486984632942
chelseahandler;7952431;2017-10-03 15:34:52;2017-08-23 18:51:02;40;5.0;200;675861;1544455;7722.275;3379.305;55507.9;0.00697999140137148
Tip;7930865;2017-10-02 19:53:36;2017-07-29 13:12:29;65;3.076923076923077;200;268805;333813;1669.065;1344.025;9271.046153846153;0.001168982973968937
VancityReynolds;7880671;2017-09-27 04:14:31;2016-07-31 17:18:49;422;0.47393364928909953;200;3474701;12451822;62259.11;17373.505;37740.57582938389;0.004789005381570159
IGGYAZALEA;7872828;2017-09-27 22:26:50;2017-07-04 03:25:18;85;2.3529411764705883;200;52768;204104;1020.52;263.84;3022.0235294117647;0.000383854890442388
FloydMayweather;7787108;2017-10-01 04:48:22;2016-08-28 01:16:12;399;0.49874686716791977;199;968922;2043695;10269.824120603014;4868.954773869346;7550.418546365915;0.0009696049607076099
chrissyteigen;7798007;2017-09-30 04:39:20;2017-09-17 17:39:54;12;16.666666666666668;200;891952;4083612;20418.06;4459.76;414630.3333333333;0.053171320996933356
MirandaCosgrove;7744147;2017-09-08 20:34:15;2016-04-11 01:55:54;515;0.3883495145631068;200;61738;370279;1851.395;308.69;838.8679611650485;0.00010832283544786128
carrieunderwood;7690441;2017-10-02 12:29:06;2017-04-05 20:30:58;179;1.1173184357541899;200;190024;976133;4880.665;950.12;6514.843575418994;0.0008471352391129448
robkardashian;7674495;2017-09-20 11:11:12;2016-10-08 15:21:52;346;0.5722543352601156;198;65809;346175;1748.358585858586;332.3686868686869;1190.7052023121387;0.0001551509516016544
EvaLongoria;7638789;2017-10-02 14:56:19;2017-05-13 00:46:35;142;1.408450704225352;200;139294;151944;759.72;696.47;2050.9718309859154;0.00026849436880452065
mcuban;7513184;2017-10-03 13:11:31;2017-09-07 16:25:41;25;8.0;200;67180;125342;626.71;335.9;7700.88;0.0010249822179251833
LanaDelRey;7428976;2017-10-02 16:56:06;2009-06-07 02:36:24;3039;0.009213557091148404;28;493504;1155521;41268.607142857145;17625.14285714286;542.6209279368213;7.30411469813365e-05
MacMiller;7359128;2017-10-01 07:17:09;2017-02-03 20:07:11;239;0.8368200836820083;200;952581;2432438;12162.19;4762.905;14163.25941422594;0.0019245839200277453
JessicaSimpson;7298407;2017-10-01 04:16:34;2016-10-28 04:47:37;337;0.5934718100890207;200;23380;130928;654.64;116.9;457.8872403560831;6.273797012910942e-05
DwyaneWade;7259321;2017-10-03 00:37:49;2017-09-06 01:46:33;26;7.6923076923076925;200;1559497;403989;2019.945;7797.485;75518.69230769231;0.010402996686286818
lucyhale;7240568;2017-10-03 02:49:38;2017-07-11 14:46:33;83;2.4096385542168677;200;725440;1447751;7238.755;3627.2;26183.02409638554;0.00361615609388456
PrinceRoyce;7224220;2017-10-02 19:51:02;2017-07-07 02:41:11;87;2.2873563218390807;199;96410;191545;962.5376884422111;484.47236180904525;3309.8275862068967;0.0004581570863299978
NeYoCompound;7190536;2017-10-02 18:43:31;2017-08-31 18:28:21;32;6.21875;199;452661;17724;89.06532663316582;2274.678391959799;14699.53125;0.0020442886663803645
KELLYROWLAND;7185795;2017-10-02 21:06:44;2017-07-03 16:30:54;91;2.1868131868131866;199;300121;76940;386.63316582914575;1508.145728643216;4143.527472527472;0.0005766275648731243
ChrisEvans;7162185;2017-09-30 14:49:48;2017-05-18 16:14:12;134;1.492537313432836;200;5298434;6091473;30457.365;26492.17;84999.30597014926;0.01186778978344587
iansomerhalder;7148217;2017-09-29 21:10:53;2016-12-08 19:11:34;295;0.6779661016949152;200;316569;1324690;6623.45;1582.845;5563.589830508475;0.0007783185416039377
FLOTUS44;7133106;2017-01-19 18:15:52;2016-09-16 15:50:53;125;1.592;199;944450;2817397;14157.773869346735;4745.979899497487;30094.775999999998;0.004219028288658545
DwightHoward;7045346;2017-10-03 11:38:34;2017-07-17 16:01:53;77;2.5974025974025974;200;53928;44101;220.505;269.64;1273.1038961038962;0.00018070140147891903
Tyga;7018424;2017-10-03 00:03:41;2017-07-21 18:37:04;73;2.712328767123288;198;18576;22037;111.29797979797979;93.81818181818181;556.3424657534247;7.926885946950835e-05
tim_cook;7033786;2017-10-03 15:43:06;2016-05-18 13:01:16;503;0.3976143141153082;200;574952;1668673;8343.365;2874.76;4460.487077534792;0.000634151661357737
mirandalambert;6995347;2017-10-02 09:40:55;2016-11-03 17:34:13;332;0.6024096385542169;200;140181;466283;2331.415;700.905;1826.698795180723;0.00026113054794575923
snooki;6990907;2017-10-03 14:00:00;2017-09-14 19:10:50;18;11.11111111111111;200;2960;18511;92.555;14.8;1192.8333333333335;0.00017062640560564367
SamuelLJackson;6952252;2017-10-01 21:45:30;2017-02-06 00:17:38;237;0.8438818565400844;200;390329;855472;4277.36;1951.645;5256.544303797468;0.0007560923142310533
steveaoki;6944087;2017-10-03 13:34:45;2017-09-08 18:33:26;24;8.333333333333334;200;744465;347595;1737.975;3722.325;45502.5;0.006552697280434418
CP3;6866267;2017-10-02 12:45:26;2016-12-15 17:33:17;290;0.6896551724137931;200;339610;974144;4870.72;1698.05;4530.186206896551;0.0006597742567972599
AdamSchefter;6835229;2017-10-03 16:02:27;2017-09-23 13:55:39;10;20.0;200;281238;514794;2573.97;1406.19;79603.2;0.011646018004663779
bellathorne;6791352;2017-10-03 02:27:08;2017-08-29 22:07:24;34;5.882352941176471;200;147301;827833;4139.165;736.505;28680.41176470588;0.004223078374483591
ScottDisick;6790555;2017-06-22 04:46:34;2016-03-31 00:34:48;448;0.44642857142857145;200;16027;89364;446.82;80.135;235.24776785714283;3.4643378612962095e-05
VanessaHudgens;6774787;2017-10-03 00:23:08;2017-02-28 05:41:01;216;0.9259259259259259;200;185877;1103947;5519.735;929.385;5971.407407407408;0.0008814162581653722
Skrillex;6742757;2017-09-29 22:14:42;2016-10-22 19:00:35;342;0.5847953216374269;200;195343;684918;3424.59;976.715;2573.8625730994154;0.00038172257625470045
Nashgrier;6744665;2017-10-02 18:47:50;2017-08-31 21:29:03;31;6.451612903225806;200;148681;610018;3050.09;743.405;24474.16129032258;0.003628669665627956
ZooeyDeschanel;6723212;2017-09-26 02:07:09;2014-05-21 05:59:47;1223;0.1635322976287817;200;512457;331454;1657.27;2562.285;690.0335241210139;0.00010263450328816255
AnnaKendrick47;6723125;2017-09-28 17:52:53;2016-11-09 14:48:57;323;0.6191950464396285;200;669924;3034129;15170.645;3349.62;11467.656346749225;0.0017057032773820544
officialjaden;6710570;2017-10-03 03:56:52;2017-07-18 07:08:26;76;2.6315789473684212;200;2571187;1193791;5968.955;12855.935;49539.18421052631;0.007382261746845099
PerezHilton;6619379;2017-10-03 15:57:25;2017-09-29 17:16:35;3;66.66666666666667;200;3235;9107;45.535;16.175;4114.0;0.0006215084526811352
GiGiHadid;6627551;2017-10-03 12:47:11;2017-03-25 19:32:25;191;1.0471204188481675;200;3607885;1175775;5878.875;18039.425;25045.340314136127;0.0037789736079188417
JoelOsteen;6591288;2017-10-03 13:26:44;2017-08-04 12:01:23;60;3.3333333333333335;200;931323;2474012;12370.06;4656.615;56755.58333333333;0.008610696928025801
TomCruise;6520507;2017-09-25 20:27:55;2014-06-02 22:50:33;1210;0.1628099173553719;197;222971;483256;2453.07614213198;1131.8324873096446;583.6586776859505;8.951124163902445e-05
MeekMill;6487109;2017-09-11 18:56:39;2015-07-20 04:16:07;784;0.2512755102040816;197;1721942;1710960;8685.07614213198;8740.822335025381;4378.701530612245;0.0006749850404259039
Bourdain;6441561;2017-10-01 18:26:27;2017-06-24 06:31:06;99;2.0202020202020203;200;108860;409289;2046.445;544.3;5233.828282828283;0.0008125093099061366
jennettemccurdy;6335381;2017-09-23 23:14:24;2017-07-01 01:56:10;84;1.3095238095238095;110;244076;123916;1126.509090909091;2218.8727272727274;4380.857142857143;0.0006914907158475777
Akon;6327089;2017-10-02 11:43:57;2017-08-18 07:19:34;45;4.444444444444445;200;44270;61090;305.45;221.35;2341.3333333333335;0.00037004905942264026
TigerWoods;6274828;2017-09-27 20:52:55;2016-04-25 21:19:33;519;0.3853564547206166;200;193698;763042;3815.21;968.49;1843.4296724470137;0.00029378170564149544
TripleH;6280629;2017-10-03 14:18:31;2017-06-12 16:32:24;112;1.7857142857142858;200;246724;632421;3162.105;1233.62;7849.508928571429;0.0012497966252379227
maryjblige;6227864;2017-09-10 20:35:33;2017-01-30 00:40:42;223;0.8878923766816144;198;36519;95303;481.32828282828285;184.43939393939394;591.1300448430493;9.491698033917396e-05
halsey;6202076;2017-10-03 14:41:34;2017-06-05 21:18:25;119;1.6722689075630253;199;1199295;4204587;21128.577889447235;6026.608040201005;45410.773109243695;0.007321866599061942
petewentz;6046975;2017-10-03 04:44:55;2017-07-14 16:30:31;80;2.5;200;353926;936055;4680.275;1769.63;16124.7625;0.002666583291645823
RedHourBen;6006945;2017-10-02 15:11:14;2017-07-12 18:32:27;81;2.4691358024691357;200;3236038;179008;895.04;16180.19;42161.06172839506;0.007018719453631599
BillSimmons;5994199;2017-10-03 15:49:28;2017-09-17 06:17:01;16;12.5;200;218986;175386;876.93;1094.93;24648.25;0.004112017302061543
jason_mraz;5939534;2017-09-30 11:02:17;2016-05-31 18:47:31;486;0.411522633744856;200;32798;113735;568.675;163.99;301.50823045267487;5.0762943768429454e-05
colesprouse;5916543;2017-10-02 17:32:09;2017-01-27 22:16:32;247;0.8097165991902834;200;5040443;21163516;105817.58;25202.215;106088.9028340081;0.017930893569776826
chancetherapper;5834311;2017-10-02 19:34:31;2017-08-29 17:39:34;34;5.882352941176471;200;2666101;2729831;13649.155;13330.505;158703.88235294117;0.02720182080676556
linkinpark;5802122;2017-10-03 16:01:07;2017-06-05 17:03:28;119;1.680672268907563;200;1339334;2619179;13095.895;6696.67;33264.815126050424;0.005733215386724102
NicoleScherzy;5721986;2017-09-26 11:03:29;2016-06-23 15:34:17;459;0.4357298474945534;200;52430;178484;892.42;262.15;503.08061002178647;8.792062930978623e-05
Wale;5643953;2017-04-28 03:33:51;2016-06-18 22:45:38;313;0.025559105431309903;8;390;0;0.0;48.75;1.2460063897763578;2.2076838516840196e-07
lenadunham;5640512;2017-10-03 05:00:11;2017-09-18 08:20:52;14;14.285714285714286;200;289301;85033;425.165;1446.505;26738.142857142855;0.004740375139197089
RandyOrton;5628749;2017-09-30 23:33:30;2017-05-13 14:28:53;140;1.4285714285714286;200;414632;266839;1334.195;2073.16;4867.65;0.0008647836313184332
official_flo;5619673;2017-10-01 17:48:11;2017-06-29 16:01:46;94;2.127659574468085;200;4033;12052;60.26;20.165;171.11702127659575;3.0449640268498853e-05
AndreaRussett;5628411;2017-10-02 06:12:39;2017-08-24 04:24:16;39;5.128205128205129;200;606897;1767429;8837.145;3034.485;60880.153846153844;0.010816579287858305
jccaylen;5440597;2017-10-02 21:47:49;2017-05-24 19:17:16;131;1.5190839694656488;199;670641;3052495;15339.170854271357;3370.0552763819096;28420.885496183204;0.005223854201328127
MMFlint;5438625;2017-10-02 00:02:28;2017-08-15 06:49:23;47;4.25531914893617;200;887227;762162;3810.81;4436.135;35093.382978723406;0.006452620465416057
MissyElliott;5417707;2017-10-03 14:35:30;2017-08-19 04:47:47;45;4.444444444444445;200;335574;385275;1926.375;1677.87;16018.866666666665;0.0029567613506353637
OzzyOsbourne;5412035;2017-10-03 15:24:33;2017-06-13 15:04:53;112;1.7857142857142858;200;44923;185583;927.915;224.615;2058.089285714286;0.0003802801138045644
MikeTyson;5408929;2017-10-02 23:40:58;2017-01-10 23:20:02;265;0.7547169811320755;200;95395;115432;577.16;476.975;795.5735849056604;0.00014708523349181703
souljaboy;5399247;2017-10-03 02:10:35;2017-05-16 07:16:53;139;1.4388489208633093;200;106019;154236;771.18;530.095;1872.3381294964029;0.0003467776394553542
johngreen;5384710;2017-10-03 12:19:12;2017-09-20 20:12:58;12;16.666666666666668;200;162291;123501;617.505;811.455;23816.0;0.0044228937120104886
BillNye;5367367;2017-10-03 01:11:03;2016-12-31 20:05:30;275;0.7272727272727273;200;369410;902195;4510.975;1847.05;4624.018181818182;0.0008615058709080601
chrisrock;5341482;2017-10-03 00:58:07;2017-03-31 02:55:37;185;1.0702702702702702;198;1532094;467018;2358.6767676767677;7737.848484848485;10806.01081081081;0.002023036080775113
llcoolj;5315504;2017-10-03 04:27:33;2017-08-12 18:11:22;51;3.9215686274509802;200;74252;49546;247.73;371.26;2427.4117647058824;0.00045666634146186
Metallica;5295857;2017-09-27 19:05:36;2017-07-20 01:07:35;69;2.898550724637681;200;109051;427331;2136.655;545.255;7773.652173913044;0.0014678742598059284
bep;5286186;2017-10-02 18:21:07;2017-05-12 22:11:39;142;1.408450704225352;200;206142;74023;370.115;1030.71;1972.9929577464789;0.0003732356291939933
LennyKravitz;5279955;2017-10-03 13:51:58;2016-07-25 16:51:02;434;0.4608294930875576;200;27889;138720;693.6;139.445;383.89170506912444;7.270738198888522e-05
kevinjonas;5275181;2017-10-02 13:17:55;2017-07-06 03:22:45;88;2.272727272727273;200;222396;413273;2066.365;1111.98;7223.511363636364;0.0013693390546478622
justdemi;5262761;2017-08-17 21:01:35;2012-05-09 02:02:58;1926;0.10384215991692627;200;264904;59325;296.625;1324.52;168.34319833852544;3.198761987073429e-05
JackJ;5260692;2017-10-03 01:38:48;2017-08-13 02:24:36;50;4.0;200;2250018;1560559;7802.795;11250.09;76211.54000000001;0.01448698003988829
NickCannon;5239703;2017-09-29 21:03:17;2017-07-20 16:52:46;71;2.8028169014084505;199;79439;16370;82.26130653266331;399.19095477386935;1349.4225352112676;0.00025753798167782937
gunsnroses;5200186;2017-10-02 18:44:39;2017-07-17 20:46:03;76;2.6315789473684212;200;115762;494798;2473.99;578.81;8033.684210526316;0.0015448840119423259
SteveCarell;5186970;2017-08-27 23:07:43;2012-02-23 15:49:14;2012;0.06660039761431412;134;355468;691762;5162.4029850746265;2652.7462686567164;520.4920477137176;0.00010034606865158612
tylerthecreator;5189700;2017-10-03 15:45:31;2017-07-23 00:34:02;72;2.7777777777777777;200;1948423;4775185;23875.925;9742.115;93383.44444444444;0.01799399665576901
HilaryDuff;5123961;2017-10-03 04:14:59;2017-03-10 01:42:28;207;0.966183574879227;200;202964;816770;4083.85;1014.82;4926.251207729469;0.0009614146570845228
TherealTaraji;5088363;2017-10-02 22:36:22;2017-05-25 01:52:57;130;1.5384615384615385;200;139736;112938;564.69;698.68;1943.6461538461538;0.00038197867444719524
JoyceMeyer;5084612;2017-10-03 16:02:46;2017-09-27 12:28:39;6;33.333333333333336;200;14596;51761;258.805;72.98;11059.5;0.0021750922194259856
nicolerichie;5080003;2017-09-29 02:07:01;2015-09-24 21:01:14;735;0.2693877551020408;198;12621;34084;172.14141414141415;63.74242424242424;63.54421768707483;1.25086968820835e-05
GreenDay;5077595;2017-09-29 13:25:27;2017-05-19 12:48:16;133;1.5037593984962405;200;88499;262650;1313.25;442.495;2640.218045112782;0.0005199741304914594
Angelluisr;5080173;2017-10-03 12:47:38;2017-09-13 01:12:08;20;10.0;200;116235;27579;137.895;581.175;7190.7;0.00141544392287428
yelyahwilliams;5061303;2017-10-03 04:34:30;2017-08-10 02:01:26;54;3.7037037037037037;200;554373;910014;4550.07;2771.865;27118.277777777774;0.005357963705744899
sethmeyers;5038863;2017-10-03 13:07:42;2017-07-18 12:14:24;77;2.5974025974025974;200;839290;148971;744.855;4196.45;12834.558441558442;0.0025471139901121426
JonahHill;5028583;2017-04-05 19:17:22;2017-03-27 21:54:46;8;0.75;6;1728;5396;899.3333333333334;288.0;890.5;0.00017708766067896264
BethanyMota;5025107;2017-10-02 08:35:08;2017-05-07 19:52:18;147;1.3605442176870748;200;59230;433667;2168.335;296.15;3353.040816326531;0.000667257595972888
paramore;5008529;2017-10-03 03:09:52;2017-05-03 22:03:48;152;1.3157894736842106;200;455951;1591006;7955.03;2279.755;13466.822368421053;0.0026887779562464456
tylerperry;4998284;2017-10-02 14:41:43;2016-03-16 22:55:02;564;0.3528368794326241;199;62191;293706;1475.9095477386934;312.5175879396985;631.0230496453901;0.00012624793822147562
alyankovic;4967826;2017-09-29 19:26:03;2016-10-09 17:05:57;355;0.5633802816901409;200;123695;593088;2965.44;618.475;2019.107042253521;0.00040643674763438196
UncleRUSH;4955922;2017-10-03 14:52:38;2017-09-13 04:15:51;20;10.0;200;3524042;28329;141.645;17620.21;177618.55000000002;0.035839658089856945
LeaMichele;4930174;2017-10-03 15:55:01;2017-08-01 14:27:34;63;3.1746031746031744;200;149397;746582;3732.91;746.985;14221.888888888889;0.002884662668881238
russwest44;4923143;2017-09-20 20:15:31;2016-02-03 01:25:21;595;0.33277310924369746;198;529793;1461066;7379.121212121212;2675.722222222222;3345.981512605042;0.0006796433726595067
kerrywashington;4909032;2017-10-03 01:54:00;2017-08-16 16:57:54;47;4.25531914893617;200;1642130;168351;841.755;8210.65;38520.87234042553;0.007846938528904585
yokoono;4906298;2017-10-03 16:00:04;2017-08-01 15:45:38;63;3.1746031746031744;200;191542;406904;2034.52;957.71;9499.142857142857;0.0019361120863720174
Imaginedragons;4915233;2017-10-02 19:16:27;2017-06-18 18:37:24;106;1.8867924528301887;200;466496;1233573;6167.865;2332.48;16038.386792452831;0.0032629962389276014
KevinSpacey;4889694;2017-10-03 15:30:05;2015-05-01 01:04:10;886;0.22460496613995484;199;125138;444961;2235.9849246231156;628.8341708542714;643.4525959367945;0.00013159363263566073
JHarden13;4885755;2017-09-29 20:44:10;2016-05-11 19:46:44;506;0.3932806324110672;199;201183;511873;2572.2261306532664;1010.9698492462312;1409.201581027668;0.0002884306685512614
RealMikeWilbon;4861616;2017-10-02 23:01:00;2017-02-24 21:28:48;220;0.9090909090909091;200;71837;287864;1439.32;359.185;1635.0045454545455;0.0003363088622084808
haashoficial;4855511;2017-10-01 18:59:46;2017-04-01 21:50:12;182;1.098901098901099;200;124912;343089;1715.445;624.56;2571.434065934066;0.0005295908228678848
bridgitmendler;4852793;2017-10-02 14:52:25;2017-08-28 19:03:52;34;5.882352941176471;200;9209;49046;245.23;46.045;1713.3823529411766;0.00035307138650694076
danawhite;4827544;2017-10-03 01:45:15;2017-07-21 04:13:28;73;2.73972602739726;200;289276;414080;2070.4;1446.38;9635.013698630137;0.0019958417155038124
iamjamiefoxx;4815914;2017-10-01 18:25:52;2017-05-26 00:11:34;128;1.5625;200;93533;70319;351.595;467.665;1280.09375;0.00026580494377598934
AshBenzo;4812812;2017-10-03 06:07:31;2017-06-02 18:45:44;122;1.639344262295082;200;428486;1077448;5387.24;2142.43;12343.72131147541;0.002564762827111346
dumbassgenius;4788042;2017-10-03 06:58:56;2017-09-26 23:41:30;6;33.333333333333336;200;1260;2210;11.05;6.3;578.3333333333333;0.00012078702177911832
Jenna_Marbles;4741448;2017-10-02 19:56:24;2017-08-31 23:02:33;31;6.451612903225806;200;28824;556391;2781.955;144.12;18877.90322580645;0.003981463727073765
dylanobrien;4730768;2017-09-25 04:00:27;2014-07-30 20:25:50;1152;0.17274305555555555;199;2082300;4521053;22718.859296482413;10463.819095477387;5732.077256944444;0.0012116589223873258
prattprattpratt;4701491;2017-10-02 00:34:00;2017-04-04 20:01:53;180;1.1111111111111112;200;265781;1478349;7391.745;1328.905;9689.61111111111;0.002060965576901266
FreddyAmazin;4700516;2017-10-03 15:52:05;2017-09-23 03:31:33;10;20.0;200;1172068;2765030;13825.15;5860.34;393709.8;0.08375884690106362
thekillers;4684512;2017-10-02 17:16:48;2016-12-10 18:33:40;295;0.6779661016949152;200;190044;718578;3592.89;950.22;3080.0745762711863;0.0006575016941511061
TheAJMendez;4670293;2017-09-25 20:33:26;2017-05-25 17:45:49;123;1.5934959349593496;196;63294;105492;538.2244897959183;322.92857142857144;1372.2439024390244;0.0002938239426175241
amyschumer;4668797;2017-10-02 19:11:57;2016-08-29 12:53:14;399;0.5012531328320802;200;134867;182677;913.385;674.335;795.8496240601503;0.0001704613895314254
karliekloss;4676203;2017-10-02 23:02:00;2017-05-21 16:46:01;134;1.492537313432836;200;521069;501661;2508.305;2605.345;7632.313432835821;0.0016321604157979927
DollyParton;4663715;2017-09-30 16:01:57;2016-12-14 00:23:59;290;0.6896551724137931;200;89765;434109;2170.545;448.825;1806.4620689655173;0.0003873440098645645
IvankaTrump;4656954;2017-10-03 15:36:43;2017-06-27 23:12:29;97;2.0618556701030926;200;726511;1842847;9214.235;3632.555;26488.22680412371;0.005687886718254832
FifthHarmony;4640942;2017-10-02 22:46:47;2017-08-30 18:38:31;33;6.0606060606060606;200;617636;1483345;7416.725;3088.18;63666.09090909091;0.013718355219498738
StationCDRKelly;4617035;2017-10-02 12:09:47;2017-03-03 21:25:18;212;0.9433962264150944;200;126477;366350;1831.75;632.385;2324.6556603773583;0.000503495351535641
lala;4597210;2017-10-02 14:20:36;2017-07-04 18:44:05;89;2.235955056179775;199;162937;471455;2369.120603015075;818.7788944723618;7128.0;0.0015505056327642201
DJPaulyD;4594962;2017-10-03 03:21:23;2017-08-10 02:18:31;54;3.685185185185185;199;50789;24727;124.25628140703517;255.2211055276382;1398.4444444444443;0.00030434298356426983
JohnLegere;4559894;2017-10-03 14:51:32;2017-09-27 21:26:40;5;40.0;200;5069;15747;78.735;25.345;4163.2;0.0009130036794714964
1future;4516510;2017-09-29 05:27:21;2017-05-14 19:24:21;137;1.4525547445255473;199;760317;1174121;5900.105527638191;3820.688442211055;14119.985401459853;0.0031263044699247544
RevRunWisdom;4511028;2017-09-24 17:11:25;2016-08-16 16:34:40;404;0.49504950495049505;200;111383;193147;965.735;556.915;753.7871287128712;0.00016709874749455583
rainnwilson;4485622;2017-10-03 13:16:59;2017-07-31 19:37:55;63;3.1746031746031744;200;67064;356250;1781.25;335.32;6719.269841269841;0.001497957215581215
gucci1017;4470584;2017-10-03 15:40:29;2017-08-10 03:27:39;54;3.7037037037037037;200;1859764;2723192;13615.96;9298.82;84869.55555555556;0.018983997517003498
paulpierce34;4458970;2017-09-28 17:53:07;2015-11-22 04:58:58;676;0.2958579881656805;200;387551;754973;3774.865;1937.755;1690.1242603550297;0.0003790391638326855
6BillionPeople;4434436;2017-10-03 15:25:23;2017-07-21 18:31:23;73;2.73972602739726;200;144334;46315;231.575;721.67;2611.6301369863013;0.0005889430216122865
JaredLeto;4380781;2017-10-02 17:28:32;2017-08-21 22:01:34;41;4.878048780487805;200;225385;367808;1839.04;1126.925;14468.121951219511;0.003302635295217796
icecube;4368938;2017-10-02 21:51:02;2017-07-25 02:04:49;69;2.898550724637681;200;60395;140952;704.76;301.975;2918.072463768116;0.0006679134525983468
rachaelray;4368087;2017-09-29 15:34:41;2017-02-25 00:14:05;216;0.9259259259259259;200;3698;23690;118.45;18.49;126.79629629629629;2.9027877946638032e-05
Schwarzenegger;4363522;2017-10-03 15:50:55;2017-04-06 00:13:00;180;1.1111111111111112;200;385882;386084;1930.42;1929.41;4288.7;0.000982852842268241
DangeRussWilson;4347469;2017-10-02 22:07:00;2017-06-12 14:34:51;112;1.7857142857142858;200;96955;438792;2193.96;484.775;4783.455357142857;0.0011002850985580017
RomeoSantosPage;4324744;2017-10-01 21:10:03;2017-05-11 21:49:34;142;1.408450704225352;200;56097;200947;1004.735;280.485;1810.169014084507;0.000418560963165567
wyclef;4320785;2017-10-03 11:42:26;2017-09-17 21:42:04;15;13.333333333333334;200;2130;2054;10.27;10.65;278.93333333333334;6.455617054154125e-05
paulwesley;4311857;2017-10-03 11:42:22;2016-11-07 15:14:57;329;0.60790273556231;200;958885;762615;3813.075;4794.425;5232.522796352583;0.0012135195569687454
hitRECordJoe;4309333;2017-10-03 16:03:15;2017-09-24 19:14:04;8;25.0;200;9175;58169;290.845;45.875;8418.0;0.001953434557041658
TheMattEspinosa;4306697;2017-10-03 09:19:42;2017-07-22 03:38:35;73;2.73972602739726;200;294580;1386365;6931.825;1472.9;23026.643835616436;0.005346706265989095
BradPaisley;4306816;2017-10-03 02:35:07;2017-05-21 22:52:46;134;1.4850746268656716;199;167917;187100;940.2010050251256;843.8040201005025;2649.380597014925;0.0006151599225541387
RealLamarOdom;4301630;2017-09-23 22:42:13;2010-01-29 00:48:45;2794;0.006800286327845383;19;4806;19956;1050.3157894736842;252.94736842105263;8.862562634216177;2.0602800878309333e-06
KeriHilson;4290377;2017-10-03 15:18:51;2017-03-17 19:37:40;199;0.9949748743718593;198;310810;123119;621.8131313131313;1569.7474747474748;2180.547738693467;0.000508241522526684
blakegriffin32;4275045;2017-10-02 18:11:47;2015-10-19 21:32:19;713;0.2805049088359046;200;182848;399297;1996.485;914.24;816.4726507713885;0.00019098574419015204
altonbrown;4274390;2017-10-03 13:15:49;2017-08-17 03:05:15;47;4.25531914893617;200;31438;53093;265.465;157.19;1798.5319148936169;0.0004207692594483931
pattonoswalt;4242031;2017-10-03 14:40:56;2017-09-20 06:32:43;13;15.384615384615385;200;2756762;481461;2407.305;13783.81;249094.0769230769;0.05872047538621875
JerrySeinfeld;4230637;2017-09-22 21:36:53;2015-07-23 02:58:34;792;0.25126262626262624;199;94983;254071;1276.7386934673366;477.30150753768845;440.72474747474746;0.00010417455987709356
DaRealAmberRose;4224784;2017-10-03 04:39:28;2017-07-22 01:20:55;73;2.712328767123288;198;26900;133310;673.2828282828283;135.85858585858585;2194.6575342465753;0.000519472127864188
steveaustinBSR;4206922;2017-10-02 15:06:00;2017-08-31 20:49:35;31;6.451612903225806;200;5922;34568;172.84;29.61;1306.1290322580644;0.00031047141645556165
JordinSparks;4205711;2017-10-02 15:04:47;2017-07-05 22:09:14;88;2.2613636363636362;199;62894;15042;75.58793969849246;316.0502512562814;885.6363636363637;0.00021057946293417777
Nelly_Mo;4195842;2017-10-03 03:46:20;2017-02-22 23:27:46;222;0.9009009009009009;200;112346;27356;136.78;561.73;629.2882882882883;0.00014997902406436856
JJWatt;4187723;2017-10-01 23:55:20;2017-06-18 14:50:42;105;1.9047619047619047;200;787020;2450977;12254.885;3935.1;30838.06666666667;0.007363922271522417
DebbyRyan;4179643;2017-10-03 04:43:35;2017-08-13 20:58:33;50;3.98;199;808087;160187;804.9597989949749;4060.738693467337;19365.48;0.004633285665785331
scooterbraun;4165828;2017-10-02 20:28:34;2017-06-04 08:20:14;120;1.6666666666666667;200;1349548;429027;2145.135;6747.74;14821.458333333334;0.0035578661272941017
TimTebow;4136310;2017-10-02 15:55:43;2016-10-18 17:02:22;348;0.5747126436781609;200;222765;1130842;5654.21;1113.825;3889.675287356322;0.0009403732523327124
tonyhawk;4134278;2017-10-02 14:52:47;2017-05-03 22:15:54;151;1.3245033112582782;200;24469;108613;543.065;122.345;881.3377483443709;0.0002131781530763947
MagicJohnson;4118115;2017-10-03 04:51:48;2017-05-29 21:27:15;126;1.5873015873015872;200;136972;564440;2822.2;684.86;5566.761904761905;0.0013517742716660183
myfabolouslife;4116492;2017-10-03 02:34:19;2017-08-30 20:45:59;33;6.0606060606060606;200;13893;26120;130.6;69.465;1212.5151515151515;0.0002945505910166111
WWEDanielBryan;4111892;2017-10-02 03:00:20;2017-07-19 23:44:16;74;2.7027027027027026;200;652440;195124;975.62;3262.2;11453.567567567567;0.0027854738323787607
common;4108456;2017-10-03 01:49:51;2017-08-11 00:22:08;53;3.7735849056603774;200;182093;474216;2371.08;910.465;12383.188679245282;0.0030140735787958497
jack;4105148;2017-10-03 01:54:19;2017-08-25 21:05:42;38;5.2631578947368425;200;1555601;82279;411.395;7778.005;43102.10526315789;0.010499525294376207
DannyDeVito;4076410;2017-08-30 07:41:18;2016-07-15 14:18:09;410;0.4853658536585366;199;301033;275165;1382.7386934673366;1512.7286432160804;1405.3609756097562;0.0003447545697340935
IAMJHUD;4056391;2017-10-03 14:22:36;2017-07-01 23:22:17;93;2.150537634408602;200;11097;26890;134.45;55.485;408.4623655913978;0.00010069600430318425
2chainz;4055522;2017-10-03 02:29:45;2017-08-12 19:52:13;51;3.9215686274509802;200;30023;31186;155.93;150.115;1200.1764705882351;0.00029593637282407425
DavidKWilliams;4037943;2017-10-03 13:40:39;2017-08-05 19:39:07;58;3.4482758620689653;200;447732;122570;612.85;2238.66;9832.793103448275;0.0024350995304907165
HayesGrier;4014497;2017-10-01 18:15:39;2017-07-05 16:54:21;88;2.272727272727273;200;230725;1069289;5346.445;1153.625;14772.886363636364;0.0036798847685367217
jasonderulo;4005518;2017-10-03 06:39:23;2017-05-21 00:00:00;135;1.4814814814814814;200;1750253;178536;892.68;8751.265;14287.325925925927;0.003566910927856504
KellyOsbourne;4002351;2017-10-01 19:53:49;2017-04-26 17:44:41;158;1.259493670886076;199;3936;22650;113.81909547738694;19.77889447236181;168.26582278481013;4.204174566019075e-05
Fergie;3982258;2017-10-02 15:32:36;2017-07-17 23:26:57;76;2.6315789473684212;200;111996;362364;1811.82;559.98;6241.578947368421;0.0015673467031439
StephenKing;3960264;2017-10-03 03:36:57;2017-06-22 15:14:54;102;1.9607843137254901;200;1502689;5653531;28267.655;7513.445;70159.01960784313;0.01771574309385514
noaheverett;3953774;2017-09-27 16:51:16;2017-06-24 17:01:34;94;2.127659574468085;200;453;2534;12.67;2.265;31.77659574468085;8.037028860193033e-06
BillCosby;3929669;2017-09-20 21:38:11;2014-10-20 22:16:39;1065;0.18779342723004694;200;15637;42430;212.15;78.185;54.523004694835684;1.3874706672454011e-05
JoeyGraceffa;3930919;2017-10-03 15:59:52;2017-09-17 23:11:43;15;13.333333333333334;200;50204;337185;1685.925;251.02;25825.933333333334;0.006569947977389851
wwwbigbaldhead;3925111;2017-10-02 23:04:12;2017-08-05 22:16:43;58;3.4482758620689653;200;106052;544261;2721.305;530.26;11212.293103448277;0.0028565544015056584
MarthaStewart;3923032;2017-10-03 13:39:28;2017-05-07 15:44:14;148;1.3513513513513513;200;3964;22638;113.19;19.82;179.74324324324323;4.5817429794924746e-05
galifianakisz;3911524;2017-02-27 22:16:46;2009-05-07 23:38:52;2852;0.03716690042075736;106;37132;25083;236.6320754716981;350.3018867924528;21.81451612903226;5.576986394313894e-06
Caitlyn_Jenner;3896040;2017-09-26 23:42:57;2015-09-14 03:02:11;743;0.2691790040376851;200;119386;546924;2734.62;596.93;896.7833109017496;0.00023017815805324114
AaronRodgers12;3898947;2017-10-02 19:24:39;2017-05-02 23:57:25;152;1.3157894736842106;200;464399;386731;1933.655;2321.995;5599.53947368421;0.0014361671173484046
KeithUrban;3890497;2017-10-03 02:06:47;2017-04-18 20:29:16;167;1.1916167664670658;199;62867;403567;2027.9748743718592;315.9145728643216;2793.0179640718566;0.0007179077542205679
dylansprouse;3879160;2017-09-27 19:59:14;2016-12-05 20:40:36;295;0.6779661016949152;200;1067683;4973424;24867.12;5338.415;20478.32881355932;0.005279062687169212
jimjonescapo;3877485;2017-07-23 17:55:07;2015-12-05 23:04:43;595;0.33277310924369746;198;9762;10428;52.666666666666664;49.303030303030305;33.9327731092437;8.751232592580937e-06
KeshaRose;3824215;2017-10-03 14:35:05;2017-07-14 07:28:03;81;2.4691358024691357;200;249810;1060955;5304.775;1249.05;16182.283950617282;0.004231530902581911
joelmchale;3799276;2017-10-02 03:28:34;2017-04-23 22:51:31;161;1.2422360248447204;200;13337;24036;120.18;66.685;232.1304347826087;6.109859741240401e-05
RachelZoe;3796760;2017-10-03 01:40:06;2017-09-19 17:40:13;13;15.384615384615385;200;1121;3048;15.24;5.605;320.6923076923077;8.446472984658174e-05
RobertsEmma;3781467;2017-09-29 18:46:13;2017-02-27 02:28:11;214;0.9345794392523364;200;143318;149256;746.28;716.59;1367.1682242990655;0.00036154440176234924
lancearmstrong;3778632;2017-10-02 14:44:25;2017-07-01 22:48:52;92;2.1739130434782608;200;7987;34647;173.235;39.935;463.4130434782609;0.0001226404274028963
ShawnMichaels;3764978;2017-10-02 22:34:23;2017-02-05 17:29:11;239;0.8326359832635983;199;37461;163945;823.8442211055276;188.2462311557789;842.7029288702929;0.00022382678700122362
djkhaled;3738392;2017-10-03 16:04:37;2017-09-22 18:34:02;10;20.0;200;60682;113731;568.655;303.41;17441.3;0.004665455094061832
robdyrdek;3734662;2017-10-01 16:34:15;2017-01-21 00:32:33;253;0.7905138339920948;200;594081;1614392;8071.96;2970.405;8729.142292490118;0.0023373312745544627
mark_wahlberg;3734993;2017-10-01 23:59:25;2016-09-28 12:11:48;368;0.5434782608695652;200;103644;499197;2495.985;518.22;1638.1548913043478;0.00043859650909770055
MCHammer;3722179;2017-10-03 09:23:26;2017-09-26 22:37:28;6;33.333333333333336;200;32297;4003;20.015;161.485;6050.0;0.00162539200828332
RickRoss;3712967;2017-10-03 14:23:50;2017-09-21 21:59:59;11;18.181818181818183;200;669813;131762;658.81;3349.065;72870.45454545454;0.01962593649376753
questlove;3712139;2017-10-03 01:05:50;2017-09-18 23:47:48;14;14.285714285714286;200;840541;91333;456.665;4202.705;66562.42857142857;0.01793101728448977
IAmSteveHarvey;3691925;2017-10-02 13:15:03;2017-07-04 19:27:35;89;2.247191011235955;200;30248;147835;739.175;151.24;2000.932584269663;0.0005419754150665745
OfficialWillow;3684103;2017-08-18 23:35:05;2014-10-08 14:33:32;1045;0.19138755980861244;200;225782;276705;1383.525;1128.91;480.8488038277512;0.00013051991321299953
BustaRhymes;3677640;2017-10-02 07:49:08;2017-07-23 04:13:44;71;2.816901408450704;200;5297;17673;88.365;26.485;323.52112676056333;8.796976505600421e-05
joerogan;3665693;2017-10-03 00:19:32;2017-09-09 20:11:20;23;8.695652173913043;200;447358;145454;727.27;2236.79;25774.434782608696;0.007031258423061805
ochocinco;3654140;2017-10-03 16:03:28;2017-09-26 17:52:10;6;33.333333333333336;200;76521;119719;598.595;382.605;32706.666666666668;0.008950578430674979
GiulianaRancic;3647152;2017-10-02 03:11:21;2017-04-29 18:17:17;155;1.2903225806451613;200;2243;20681;103.405;11.215;147.8967741935484;4.0551305290689395e-05
stephenasmith;3641567;2017-10-03 14:56:35;2017-08-31 15:14:51;32;6.25;200;83831;233546;1167.73;419.155;9918.03125;0.0027235613816799197
PearlJam;3621895;2017-10-02 20:28:40;2017-08-14 16:46:00;49;4.081632653061225;200;55939;164100;820.5;279.695;4490.591836734694;0.0012398459471449873
bigtimerush;3619060;2017-04-21 18:30:05;2014-12-10 19:40:57;862;0.228538283062645;197;388356;476013;2416.3096446700506;1971.3502538071066;1002.748259860789;0.00027707422918127605
OneRepublic;3593080;2017-10-01 18:00:03;2017-07-29 18:51:31;63;3.1746031746031744;200;1801842;274882;1374.41;9009.21;32963.87301587302;0.009174266371990888
JENNIWOWW;3575698;2017-10-03 15:59:44;2017-09-16 20:00:02;16;12.5;200;135717;5750;28.75;678.585;8841.6875;0.00247271651576839
JakeTAustin;3568749;2017-10-02 11:21:13;2016-11-24 18:28:11;311;0.6334405144694534;197;405735;408961;2075.944162436548;2059.568527918782;2619.6012861736335;0.0007340390949807996
LaurenConrad;3562028;2017-10-03 15:28:04;2017-06-02 14:01:06;123;1.6260162601626016;200;4806;41997;209.985;24.03;380.5121951219512;0.0001068245940576411
paulkrugman;3566181;2017-10-03 13:43:15;2017-09-06 16:15:28;26;7.6923076923076925;200;532073;442340;2211.7;2660.365;37477.42307692308;0.010509119721327403
itsgabrielleu;3560426;2017-10-03 12:11:26;2017-09-20 02:49:17;13;15.384615384615385;200;2391464;597839;2989.195;11957.32;229946.3846153846;0.0645839527672769
twentyonepilots;3551414;2017-07-07 02:03:15;2016-08-01 00:30:20;340;0.5852941176470589;199;2149846;6309328;31705.165829145728;10803.24623115578;24879.923529411764;0.0070056387482314835
VigilanteArtist;3534276;2017-10-03 16:04:22;2017-09-29 04:57:18;4;50.0;200;146181;30885;154.425;730.905;44266.5;0.012524913164676443
D_Copperfield;3519673;2017-10-03 02:49:38;2017-07-10 00:39:58;85;2.3411764705882354;199;48697;10155;51.030150753768844;244.70854271356785;692.3764705882353;0.0001967161354444675
jackgilinsky;3512581;2017-09-22 05:03:02;2016-08-16 20:42:44;401;0.4763092269326683;191;561993;1508963;7900.3298429319375;2942.3717277486912;5164.4788029925185;0.001470280344565013
DrakeBell;3497634;2017-10-03 16:05:01;2017-09-10 21:15:34;22;9.090909090909092;200;223980;356208;1781.04;1119.9;26372.181818181816;0.007540006135056388
SeanKingston;3493139;2017-09-29 22:14:13;2017-07-06 04:04:23;85;2.3058823529411763;196;12701;3626;18.5;64.80102040816327;192.08235294117648;5.4988465372026846e-05
TravieMcCoy;3464423;2017-10-03 15:04:30;2017-07-10 17:32:02;84;2.380952380952381;200;290;2391;11.955;1.45;31.916666666666668;9.212693330654678e-06
cher;3462440;2017-10-03 04:59:42;2017-09-09 02:26:07;24;8.333333333333334;200;147074;262211;1311.055;735.37;17053.541666666668;0.004925295937739475
Jason_Aldean;3467930;2017-10-03 14:15:53;2017-03-29 00:30:05;188;1.0638297872340425;200;93879;195165;975.825;469.395;1537.468085106383;0.0004433388462588296
DaneCook;3453868;2017-10-02 20:21:29;2017-07-27 22:35:11;66;3.0303030303030303;200;371948;52248;261.24;1859.74;6427.212121212122;0.001860873699056282
KatGraham;3450301;2017-10-01 21:28:42;2017-06-09 21:16:01;114;1.7456140350877194;199;25370;86630;435.32663316582915;127.48743718592965;982.4561403508771;0.0002847450527797074
TheRealMikeEpps;3447929;2017-10-03 02:46:11;2017-05-30 11:40:36;125;1.6;200;382067;323162;1615.81;1910.335;5641.832;0.0016362958750020665
MarkRuffalo;3448518;2017-10-03 15:55:50;2017-09-28 21:12:06;4;50.0;200;1318922;196034;980.17;6594.61;378739.0;0.1098265979762901
Snowden;3428644;2017-10-02 10:12:34;2017-07-28 12:20:31;65;3.076923076923077;200;366404;316292;1581.46;1832.02;10503.015384615384;0.0030633146470194586
JanetJackson;3423497;2017-10-02 01:43:13;2015-11-04 19:59:17;697;0.2769010043041607;193;177569;475545;2463.963730569948;920.0466321243523;937.0358680057388;0.0002737072262676844
MatPatGT;3423596;2017-10-02 22:28:19;2017-02-21 15:34:40;223;0.8968609865470852;200;502639;2632591;13162.955;2513.195;14059.32735426009;0.004106596500948152
Tyrese;3414108;2017-10-03 15:57:31;2017-08-19 00:37:51;45;4.4222222222222225;199;22177;13085;65.7537688442211;111.44221105527639;783.5999999999999;0.00022951822262213143
RondaRousey;3409862;2017-05-05 00:48:13;2015-10-18 19:58:41;564;0.3546099290780142;200;175550;598332;2991.66;877.75;1372.1312056737588;0.0004024008026347573
alexmorgan13;3409433;2017-10-02 12:12:56;2017-05-18 12:22:40;136;1.4705882352941178;200;782550;440219;2201.095;3912.75;8990.948529411764;0.0026370802797449793
AnselElgort;3376720;2017-10-03 02:29:16;2017-06-24 22:55:47;100;1.97;197;677733;1606432;8154.477157360406;3440.269035532995;22841.65;0.00676444893269208
LaurenJauregui;3375643;2017-10-03 14:10:31;2017-09-06 03:41:36;27;7.407407407407407;200;2380749;3116792;15583.96;11903.745;203612.62962962964;0.06031817630881869
DAVID_LYNCH;3372907;2017-10-02 16:00:56;2011-10-27 16:38:02;2166;0.09233610341643583;200;1145433;255561;1277.805;5727.165;646.8116343490306;0.00019176681549447718
smosh;3339956;2017-10-02 22:18:44;2017-09-07 01:18:25;25;8.0;200;807714;48690;243.45;4038.57;34256.16;0.010256470444520827
S_C_;3339744;2017-06-16 01:54:35;2013-07-08 17:07:32;1438;0.13908205841446453;200;725793;1072942;5364.71;3628.965;1250.8588317107094;0.0003745373393022667
brookeburke;3336542;2017-10-03 02:39:01;2017-08-08 17:19:02;55;3.6363636363636362;200;1025;4841;24.205;5.125;106.65454545454546;3.196559355600663e-05
BellaTwins;3333364;2017-10-03 15:25:05;2017-09-21 01:34:04;12;16.666666666666668;200;36219;119351;596.755;181.095;12964.166666666666;0.0038892142192291828
SaraBareilles;3326670;2017-10-03 13:16:54;2017-06-11 17:11:23;113;1.761061946902655;199;2404763;93002;467.3467336683417;12084.236180904523;22104.11504424779;0.006644516902562559
IAmJericho;3324274;2017-10-03 14:39:34;2017-09-28 01:35:47;5;40.0;200;4177;17362;86.81;20.885;4307.8;0.0012958618934540294
RyanSheckler;3324036;2017-09-29 20:23:50;2017-02-27 18:10:24;214;0.9345794392523364;200;9152;53647;268.235;45.76;293.45327102803736;8.8282218071055e-05
williecolon;3303614;2017-10-03 15:01:03;2017-09-23 12:57:20;10;20.0;200;22684;4884;24.42;113.42;2756.8;0.0008344800572948293
DezBryant;3301789;2017-09-17 14:01:44;2017-07-12 00:41:18;67;2.985074626865672;200;175114;231725;1158.625;875.57;6072.2238805970155;0.0018390708432904149
benlandis;3296984;2017-10-02 06:52:50;2017-02-12 15:34:06;231;0.8658008658008658;200;44515;44173;220.865;222.575;383.9307359307359;0.00011644907464844717
ChloeGMoretz;3290720;2017-10-03 12:21:30;2017-07-21 02:10:03;74;2.7027027027027026;200;1012403;163650;818.25;5062.015;15892.608108108108;0.004829523055169723
amandabynes;3257764;2017-04-24 04:07:04;2014-03-01 08:00:04;1149;0.024369016536118365;28;124728;330360;11798.57142857143;4454.571428571428;396.0731070496083;0.0001215782073377962
ThatKevinSmith;3255477;2017-10-03 00:22:03;2017-08-07 20:03:13;56;3.5714285714285716;200;56310;266654;1333.27;281.55;5767.214285714286;0.0017715420154141117
RealTracyMorgan;3253494;2017-09-24 04:09:11;2014-04-21 02:14:21;1252;0.15814696485623003;198;37469;137330;693.5858585858585;189.23737373737373;139.61581469648561;4.2912577892101724e-05
AaronCarpenter;3252452;2017-10-03 00:06:36;2017-05-21 00:13:46;134;1.492537313432836;200;498958;2352974;11764.87;2494.79;21283.074626865673;0.00654370137572074
smoss;3242016;2017-10-03 02:27:11;2017-08-19 13:38:16;44;4.545454545454546;200;7196;31549;157.745;35.98;880.5681818181818;0.00027161130044336046
jamesmaslow;3222381;2017-10-02 19:10:58;2017-07-31 20:24:34;62;3.225806451612903;200;52109;149494;747.47;260.545;3251.6612903225805;0.0010090865389047975
wilw;3211880;2017-10-03 00:33:05;2017-07-10 23:50:32;84;2.380952380952381;200;581246;236791;1183.955;2906.23;9738.535714285714;0.0030320359771491196
Alyssa_Milano;3206868;2017-10-03 15:21:32;2017-09-24 17:59:45;8;24.875;199;1014478;261129;1312.2060301507538;5097.879396984925;159450.875;0.04972168327477152
Renner4Real;3196142;2017-10-02 23:02:28;2017-03-22 19:46:07;194;1.0309278350515463;200;1789042;413945;2069.725;8945.21;11355.603092783505;0.0035529094429419925
DeepakChopra;3194233;2017-10-03 13:00:21;2017-09-20 17:18:16;12;16.666666666666668;200;453616;12265;61.325;2268.08;38823.41666666667;0.012154221895104919
GuyFieri;3164592;2017-10-03 15:30:38;2017-03-30 01:51:50;187;1.0695187165775402;200;32052;122174;610.87;160.26;824.7379679144385;0.00026061431233929635
VINNYGUADAGNINO;3159130;2017-10-03 05:45:37;2017-08-27 04:30:20;37;5.405405405405405;200;19715;102689;513.445;98.575;3308.2162162162163;0.001047192175129297
drdrew;3154839;2017-10-03 14:20:59;2017-08-31 16:21:18;32;6.21875;199;714;2511;12.618090452261306;3.5879396984924625;100.78125;3.194497405414349e-05
ReggieBush;3143542;2017-10-02 13:54:01;2017-07-27 19:12:11;66;3.0;198;3342454;155979;787.7727272727273;16881.08080808081;53006.56060606061;0.016862049435337784
1LoganHenderson;3135622;2017-10-02 16:26:20;2016-09-06 22:50:05;390;0.5128205128205128;200;273840;452719;2263.595;1369.2;1862.9717948717948;0.000594131497633259
cala;3077958;2017-10-03 13:01:47;2017-09-20 16:02:09;12;16.666666666666668;200;155284;12709;63.545;776.42;13999.416666666668;0.004548280602486021
DavidHenrie;3074552;2017-10-02 15:27:34;2017-02-08 17:05:42;235;0.851063829787234;200;12060;65992;329.96;60.3;332.136170212766;0.0001080275013116597
TonyRobbins;3074325;2017-10-02 03:15:01;2017-08-08 22:30:23;54;3.7037037037037037;200;320047;70532;352.66;1600.235;7232.944444444444;0.0023526935000185226
markhoppus;3072769;2017-10-03 03:29:34;2017-06-22 12:07:07;102;1.9509803921568627;199;1105868;1145987;5758.728643216081;5557.125628140703;22077.009803921566;0.007184728108075018
JimGaffigan;3069380;2017-10-03 09:26:49;2017-07-22 01:28:17;73;2.73972602739726;200;280942;264966;1324.83;1404.71;7478.191780821918;0.0024363851269057326
4everBrandy;3061142;2017-09-27 21:28:27;2017-04-12 05:23:15;168;1.1904761904761905;200;19270;59685;298.425;96.35;469.97023809523813;0.0001535277481721652
RollingStones;3037700;2017-10-03 14:10:53;2017-06-18 19:10:55;106;1.8584905660377358;197;80583;191625;972.7157360406092;409.0507614213198;2568.0;0.0008453764361194325
carterreynolds;3019758;2017-10-03 00:07:24;2017-05-29 09:46:24;126;1.5873015873015872;200;183638;736648;3683.24;918.19;7303.857142857143;0.0024186895581888163
ErinAndrews;3017008;2017-10-03 14:35:19;2017-07-13 18:08:41;81;2.4691358024691357;200;13012;50530;252.65;65.06;784.469135802469;0.0002600155968437833
biz;3016982;2017-10-03 05:56:10;2017-07-28 17:10:57;66;3.0303030303030303;200;449457;20526;102.63;2247.285;7120.954545454545;0.00236029069628342
hardwick;3011361;2017-10-03 15:00:24;2017-09-07 06:14:03;26;7.6923076923076925;200;7260;63944;319.72;36.3;2738.6153846153843;0.0009094277918241567
willylevy29;3000093;2017-09-27 01:12:33;2016-09-26 17:54:07;365;0.5452054794520548;199;99819;286792;1441.1658291457286;501.6030150753769;1059.2082191780823;0.00035305846158038514
feliciaday;2995494;2017-10-03 03:43:02;2017-08-14 04:30:23;49;4.061224489795919;199;604373;76365;383.7437185929648;3037.0502512562816;13892.612244897959;0.00463783677914159
alispagnola;2993192;2017-10-03 01:04:36;2017-08-19 05:30:38;44;4.5227272727272725;199;4378;29954;150.52261306532662;22.0;780.2727272727273;0.0002606824845424975
drewbrees;2982739;2017-10-02 19:45:34;2017-03-11 13:48:28;205;0.975609756097561;200;25168;150046;750.23;125.84;854.7024390243902;0.00028654952344955094
AlbertoCiurana;2979059;2017-10-03 16:00:03;2017-09-25 01:46:30;8;25.0;200;7761;21360;106.8;38.805;3640.125;0.0012219042993106212
LizGillies;2965264;2017-10-03 03:16:14;2017-06-11 04:18:35;113;1.7699115044247788;200;39058;226448;1132.24;195.29;2349.6106194690265;0.0007923782231427038
TheTimMcGraw;2964836;2017-10-02 19:11:46;2017-07-09 19:31:45;84;2.369047619047619;199;78787;180061;904.8291457286432;395.9145728643216;3081.5238095238096;0.0010393572560248895
foofighters;2964055;2017-10-02 11:30:05;2017-06-26 16:14:48;97;2.0618556701030926;200;75060;248204;1241.02;375.3;3332.618556701031;0.001124344371714098
MichaelVick;2954556;2017-10-03 02:31:26;2017-07-10 17:55:24;84;2.380952380952381;200;247131;117958;589.79;1235.655;4346.297619047619;0.0014710493282400535
juliancamarena;2949010;2017-10-02 23:44:38;2017-08-05 17:57:12;58;3.413793103448276;198;362500;299796;1514.121212121212;1830.8080808080808;11418.896551724138;0.003872111844898504
jhutch1992;2936731;2017-09-25 19:26:43;2016-03-15 18:28:31;559;0.33989266547406083;190;627524;370043;1947.5947368421052;3302.757894736842;1784.556350626118;0.0006076676245206381
drdre;2930938;2017-07-09 19:02:16;2010-11-17 18:04:02;2426;0.0741962077493817;180;225527;143213;795.6277777777777;1252.9277777777777;151.99505358615005;5.185884300048314e-05
jarpad;2920462;2017-09-29 20:48:48;2016-06-12 00:20:55;474;0.4219409282700422;200;888438;3682326;18411.63;4442.19;9642.962025316456;0.0033018618373793105
GwynethPaltrow;2887915;2017-09-21 06:46:59;2012-06-05 21:49:26;1933;0.10294878427315055;199;53514;100410;504.57286432160805;268.9145728643216;79.62959130884636;2.7573384711408182e-05
CraigyFerg;2886956;2017-10-02 03:32:01;2017-02-28 15:43:57;215;0.9302325581395349;200;19037;169539;847.695;95.185;877.0976744186047;0.0003038140083945182
TheCarlosPena;2885190;2017-10-01 17:29:28;2016-04-26 01:30:11;523;0.3824091778202677;200;136123;348375;1741.875;680.615;926.3824091778203;0.0003210819423253998
seanhannity;2888885;2017-10-03 15:50:02;2017-08-31 20:07:00;32;6.25;200;290070;788209;3941.045;1450.35;33696.21875;0.011664091422815376
jimmyeatworld;2877817;2017-10-03 05:00:06;2017-07-02 13:27:00;92;2.1739130434782608;200;5518;21100;105.5;27.59;289.32608695652175;0.00010053665224596343
taylorcaniff;2874937;2017-10-02 23:24:47;2017-07-10 19:28:58;84;2.369047619047619;199;351477;1272412;6394.030150753769;1766.21608040201;19332.011904761905;0.006724325404265173
OBJ_3;2874904;2017-10-01 15:15:06;2017-03-01 18:11:43;213;0.9389671361502347;200;688197;1229948;6149.74;3440.985;9005.375586854461;0.003132409147176553
BenAffleck;2862776;2017-09-16 22:50:03;2014-05-08 23:23:57;1226;0.1631321370309951;200;628831;790690;3953.45;3144.155;1157.8474714518761;0.00040444920295960147
ThisisDavina;2851589;2017-10-03 10:13:51;2017-09-10 18:25:02;22;9.090909090909092;200;111405;11605;58.025;557.025;5591.363636363636;0.0019607887519427366
mishacollins;2846112;2017-10-03 04:45:23;2017-07-27 02:20:07;68;2.9411764705882355;200;1194037;1591271;7956.355;5970.185;40960.41176470589;0.014391707622435761
FrencHMonTanA;2837298;2017-10-03 06:18:01;2017-09-09 06:14:56;24;8.291666666666666;199;51913;66283;333.08040201005025;260.86934673366835;4924.833333333333;0.0017357476491131115
kingsthings;2825985;2017-10-02 21:06:46;2017-07-25 18:07:15;69;2.898550724637681;200;405839;39974;199.87;2029.195;6461.057971014492;0.002286302995597815
gwenstefani;2823655;2017-10-02 14:43:27;2017-04-25 17:39:03;159;1.2578616352201257;200;177742;242815;1214.075;888.71;2645.012578616352;0.0009367336231290126
SleepintheGardn;2819218;2017-10-03 12:40:48;2017-05-30 21:09:59;125;1.6;200;302623;669648;3348.24;1513.115;7778.168;0.002758980681877031
BishopJakes;2820040;2017-10-03 15:00:10;2017-09-24 02:00:06;9;22.22222222222222;200;19514;53646;268.23;97.57;8128.888888888889;0.002882543825225489
shitmydadsays;2816543;2017-05-10 00:29:36;2009-08-03 18:24:18;2836;0.06064880112834979;172;547186;364271;2117.8546511627906;3181.313953488372;321.38822284908326;0.00011410733755851881
ariannahuff;2810819;2017-10-03 15:45:27;2017-09-19 21:30:23;13;15.384615384615385;200;586764;26336;131.68;2933.82;47161.53846153846;0.016778575376621
REALDIEGOVALDEZ;2811184;2017-10-03 15:45:34;2017-08-22 13:58:20;42;4.761904761904762;200;443520;192;0.96;2217.6;10564.57142857143;0.0037580504970757623
macklemore;2786255;2017-10-01 15:40:07;2017-09-08 19:53:26;22;9.090909090909092;200;94687;114693;573.465;473.435;9517.272727272728;0.0034157938621097953
chrisbosh;2771055;2017-10-03 15:06:18;2017-01-05 04:23:49;271;0.7380073800738007;200;118326;74157;370.785;591.63;710.269372693727;0.0002563173133314665
mikethemiz;2769195;2017-10-02 01:46:22;2017-06-11 21:19:59;112;1.7857142857142858;200;32893;162716;813.58;164.465;1746.5089285714287;0.0006306919261992849
BonJovi;2766218;2017-10-02 21:22:54;2017-03-10 17:20:11;206;0.9611650485436893;198;51297;215427;1088.0151515151515;259.07575757575756;1294.7766990291261;0.0004680674838458596
AlfredoFlores;2761182;2017-10-03 02:18:16;2017-08-27 05:03:28;36;5.555555555555555;200;2107660;186159;930.795;10538.3;63717.194444444445;0.023076057443676093
ashleesimpson;2755897;2017-06-08 20:51:05;2011-10-10 23:28:07;2067;0.09675858732462506;200;30914;16854;84.27;154.57;23.10982099661345;8.385589518263365e-06
siyovushdustov;2747655;2017-02-12 23:19:37;2015-10-15 10:34:17;486;0.0102880658436214;5;21964;8366;1673.2;4392.8;62.407407407407405;2.27129706631318e-05
kevinlove;2747665;2017-10-02 16:15:07;2016-03-03 14:30:19;578;0.3460207612456747;200;290008;492490;2462.45;1450.04;1353.80276816609;0.0004927102715091141
RealSkipBayless;2742680;2017-10-03 15:27:03;2017-09-18 03:27:02;15;13.333333333333334;200;43401;127605;638.025;217.005;11400.4;0.004156664284568378
CMPunk;2735628;2017-10-02 02:11:04;2017-04-22 15:01:10;162;1.2345679012345678;200;123238;75661;378.305;616.19;1227.7716049382716;0.0004488079537635496
workwthecoach;2737303;2017-10-03 15:26:42;2017-09-26 01:32:54;7;28.285714285714285;198;372045;124521;628.8939393939394;1879.0151515151515;70938.0;0.025915289611709042
TheRealStanLee;2730574;2017-09-29 21:22:44;2017-03-01 16:50:40;212;0.9433962264150944;200;251043;651128;3255.64;1255.215;4255.523584905661;0.0015584721691870138
GeorgeTakei;2717005;2017-10-03 14:38:08;2017-09-20 14:30:42;13;15.384615384615385;200;1333306;1029391;5146.955;6666.53;181745.92307692306;0.0668920090603157
greysonchance;2713636;2017-09-30 15:54:51;2016-09-23 01:49:18;372;0.5376344086021505;200;525638;587768;2938.84;2628.19;2993.02688172043;0.0011029581276635592
colortheory;2709872;2017-09-29 00:52:35;2017-08-25 23:37:26;34;5.882352941176471;200;798;4081;20.405;3.99;143.5;5.295453069370066e-05
jeremypiven;2703890;2017-10-03 06:50:44;2016-12-15 08:40:37;291;0.6838487972508591;199;610940;47368;238.03015075376885;3070.0502512562816;2262.2268041237116;0.0008366563743805079
G_Eazy;2699134;2017-10-03 14:36:51;2017-06-27 21:49:22;97;2.0309278350515463;197;1234119;682498;3464.456852791878;6264.563451776649;19758.9381443299;0.007320473212641499
russellcrowe;2695483;2017-10-03 07:13:20;2017-09-12 06:26:48;21;9.523809523809524;200;151256;57605;288.025;756.28;9945.761904761905;0.003689788399615915
KendraWilkinson;2691333;2017-10-02 23:18:01;2017-09-12 18:06:11;20;10.0;200;6235;70539;352.695;31.175;3838.7;0.0014263192254544495
aaronpaul_8;2688541;2017-10-02 14:08:27;2016-10-10 02:37:52;357;0.5602240896358543;200;4154065;368376;1841.88;20770.325;12667.901960784313;0.0047118128236780885
DavidSpade;2682913;2017-10-03 05:51:51;2017-04-17 15:44:59;168;1.1845238095238095;199;43803;154215;774.9497487437186;220.11557788944722;1178.6785714285713;0.0004393279138863509
PaulaAbdul;2684635;2017-10-03 03:54:25;2017-07-28 17:21:26;66;3.0303030303030303;200;163617;275677;1378.385;818.085;6655.969696969696;0.0024792829181507713
falloutboy;2681430;2017-10-03 13:03:11;2017-06-22 04:24:34;103;1.9223300970873787;198;156531;780044;3939.6161616161617;790.560606060606;9092.961165048544;0.0033910865340689646
TheSlyStallone;2656942;2017-10-01 02:22:20;2017-03-18 21:57:18;196;1.0204081632653061;200;36665;260450;1302.25;183.325;1515.892857142857;0.0005705404397773294
DierksBentley;2653698;2017-10-02 16:10:13;2017-03-21 17:25:09;194;1.0309278350515463;200;38549;221600;1108.0;192.745;1340.9742268041239;0.0005053228463842245
RealPaulWalker;2648142;2017-10-01 19:08:22;2014-07-26 18:45:02;1163;0.17196904557179707;200;402958;906631;4533.155;2014.79;1126.0438521066208;0.00042522034396441763
HEELZiggler;2645248;2017-10-03 04:52:35;2017-09-20 02:27:56;13;15.384615384615385;200;55781;40736;203.68;278.905;7424.384615384615;0.002806687545131729
MsLaurenLondon;2643247;2017-08-05 02:43:11;2015-04-09 18:20:27;848;0.2358490566037736;200;58111;40353;201.765;290.555;116.11320754716982;4.3928247169927677e-05
GStephanopoulos;2634632;2017-10-01 14:14:36;2017-01-21 22:46:01;252;0.7936507936507936;200;36717;74563;372.815;183.585;441.5873015873016;0.00016760872166864352
TheMandyMoore;2622009;2017-10-02 16:44:50;2017-03-13 15:56:37;203;0.9852216748768473;200;470290;225101;1125.505;2351.45;3425.5714285714284;0.0013064682190531873
rossR5;2618747;2017-10-01 12:55:28;2017-05-17 15:55:21;136;1.4705882352941178;200;1884385;521902;2609.51;9421.925;17693.28676470588;0.006756394094086172
WWERollins;2619436;2017-10-02 19:46:58;2017-07-28 11:21:04;66;3.0303030303030303;200;91443;386446;1932.23;457.215;7240.742424242424;0.0027642371961912504
adamlambert;2616241;2017-09-21 23:43:56;2017-02-03 07:24:06;230;0.8695652173913043;200;137529;309552;1547.76;687.645;1943.8304347826086;0.0007429859996776324
kennychesney;2599400;2017-09-20 18:43:06;2016-03-23 20:19:42;545;0.3669724770642202;200;74498;245119;1225.595;372.49;586.4532110091743;0.00022561099138615617
lnsaneTweets;2598690;2017-10-03 12:16:10;2017-06-30 20:05:49;94;0.7659574468085106;72;40995;98972;1374.611111111111;569.375;1489.0106382978724;0.0005729850956820061
therealjuicyj;2595907;2017-10-02 07:29:36;2017-08-04 04:55:16;59;3.389830508474576;200;137659;285590;1427.95;688.295;7173.71186440678;0.00276347028780568
WWERomanReigns;2591346;2017-10-03 12:33:29;2016-04-22 05:01:21;529;0.3780718336483932;200;483692;1657907;8289.535;2418.46;4048.3913043478265;0.001562273546005754
NathanKress;2578425;2017-10-03 01:05:12;2016-09-16 22:39:31;381;0.5249343832020997;200;47638;268126;1340.63;238.19;828.776902887139;0.000321427578031992
NateSilver538;2580033;2017-10-03 13:26:57;2017-08-24 18:40:32;39;5.128205128205129;200;151956;334928;1674.64;759.78;12484.205128205129;0.004838777305641102
bobsaget;2566588;2017-10-03 04:43:33;2016-12-26 01:49:27;281;0.7117437722419929;200;105706;322051;1610.255;528.53;1522.2669039145908;0.0005931091799363944
bflay;2567189;2017-10-02 21:56:48;2017-02-17 02:48:08;227;0.8810572687224669;200;5797;52320;261.6;28.985;256.0220264317181;9.972854606019194e-05
tylergposey;2564974;2017-09-26 20:09:35;2016-10-04 12:49:38;357;0.5602240896358543;200;304860;644691;3223.455;1524.3;2659.8067226890757;0.0010369721964780445
WilliamShatner;2557906;2017-10-03 16:06:15;2017-10-01 00:38:59;2;100.0;200;3512;25483;127.415;17.56;14497.5;0.0056677219569444695
JimmieJohnson;2557668;2017-10-03 15:12:16;2017-06-21 23:35:02;103;1.941747572815534;200;109088;157371;786.855;545.44;2586.980582524272;0.0010114606675003448
drsanjaygupta;2557559;2017-10-03 14:11:22;2016-06-13 12:22:52;477;0.4192872117400419;200;115500;28875;144.375;577.5;302.6729559748428;0.00011834446672582835
ladyantebellum;2552296;2017-10-03 08:45:39;2017-07-03 20:00:06;91;2.197802197802198;200;12263;78951;394.755;61.315;1002.3516483516484;0.0003927254708512055
MrsSOsbourne;2550693;2017-10-01 05:38:20;2016-11-30 16:06:30;304;0.6578947368421053;200;172062;485053;2425.265;860.31;2161.5625;0.000847441264001587
drose;2541881;2017-07-28 16:32:09;2012-08-12 13:51:29;1811;0.03257868580894534;59;247848;218571;3704.593220338983;4200.813559322034;257.54776366648264;0.00010132172342705368
StephMcMahon;2541253;2017-10-03 14:21:38;2017-08-14 12:47:47;50;4.0;200;170872;141376;706.88;854.36;6244.96;0.002457433399980246
RomanAtwood;2539277;2017-10-02 19:18:20;2017-06-22 19:09:43;102;1.9607843137254901;200;1010433;5329786;26648.93;5052.165;62159.009803921566;0.024479018950638927
chriscolfer;2520555;2017-09-26 20:31:19;2017-04-07 19:02:28;172;1.1627906976744187;200;102368;272313;1361.565;511.84;2178.3779069767443;0.000864245337624747
RobGronkowski;2516674;2017-09-26 14:24:37;2017-01-14 23:01:17;254;0.7874015748031497;200;151690;424525;2122.625;758.45;2268.5629921259842;0.0009014131318263646
BIRDMAN5STAR;2494094;2017-09-29 05:36:40;2016-11-29 04:42:11;304;0.6578947368421053;200;10868;33325;166.625;54.34;145.37171052631578;5.8286379954530895e-05
DENISE_RICHARDS;2485062;2017-10-03 13:38:21;2017-01-12 22:00:43;263;0.7604562737642585;200;97536;18335;91.675;487.68;440.57414448669203;0.00017728899499758639
anthonypadilla;2481249;2017-10-03 15:54:28;2017-08-14 15:38:46;50;4.0;200;194574;448411;2242.055;972.87;12859.699999999999;0.00518275271848976
diplo;2467193;2017-10-03 12:12:32;2017-09-05 03:52:37;28;7.107142857142857;199;898757;182524;917.2060301507538;4516.366834170854;38617.17857142857;0.015652273077715675
williebosshog;2461221;2017-09-22 22:34:11;2016-03-09 18:54:11;562;0.35587188612099646;200;13995;72107;360.535;69.975;153.20640569395016;6.224813037673178e-05
KattPackAllDay;2453061;2017-09-28 22:50:09;2014-07-15 09:36:37;1171;0.16567036720751493;194;35236;19808;102.10309278350516;181.62886597938143;47.00597779675491;1.9162172402869277e-05
JLin7;2451725;201